Date,AAPL,AMZN,GOOGL,META,MSFT,NVDA,TSLA
2022-09-21,0.003714354458691661,0.004705591600354806,0.006044192682971471,0.0059271612840600734,0.006054842906865617,0.006906790755769723,0.0012630093015864904
2022-09-22,-0.005645831245421361,-8.419028745707186e-05,-0.0007003488665309149,0.0010510076085732995,0.0007912877506427317,-0.0017798597007107593,0.001952091080111822
2022-09-23,0.007562968661473412,0.000970476112087271,0.00426789482222249,0.0028258344954243454,0.003902977807498028,0.010815062665500414,0.0007045257665711808
2022-09-26,8.237500688569729e-05,0.0028896650609948784,0.001409822888731936,0.00505720284566509,0.001537927339486038,-0.0021025743449629673,3.281700929926197e-05
2022-09-27,0.0031293047834146594,-3.545481777860447e-05,0.002860920954330628,0.003239038368298779,0.0034337134983942552,0.002973082677053102,-0.00040621426446838796
2022-09-28,0.00039657142887284313,0.0008802657300741356,0.0021794934811253143,0.0037974929746521988,0.0011221051174071315,-0.0006122351024246508,0.002170007981486037
2022-09-29,0.0015278901947310935,0.0003263205224991353,3.8864473433392966e-05,5.223557153518179e-05,-0.0014634181291668074,-0.0016471529064238338,0.005593805581647224
2022-09-30,0.004789313084057483,0.0019337397108068514,0.004089389839932084,0.005040248736438739,0.0032109885937563723,0.00942505400601689,0.006104059450827167
2022-10-03,0.00425698209813123,0.001564696198680314,0.0009352412143355759,-0.002735915976744152,0.006610729429825795,0.00040667784863504444,5.0001441394377684e-05
2022-10-04,0.0006639182144366942,-0.0007322723905917377,-0.0026914034763203536,0.0019044484026587173,-0.0068213869105293555,0.0023130323410311907,-0.00370099570234846
2022-10-05,-0.0018688811680727898,0.0026526438781519883,0.0008328679363552652,0.000966088852619248,-0.0042276439789264,-0.004293975337276938,-0.0016957811683282623
2022-10-06,-0.0029850764967912892,0.00021864275601133558,-0.0022042305894451894,-0.0011943577753618304,-0.001577086025701357,0.005050164417585915,0.00425710842011238
2022-10-07,0.0009069521828882075,0.000236649667248181,0.0011151826568017447,0.0030640210578051818,0.0020681741196427197,0.008310526671661335,0.0052394905844952
2022-10-10,0.004384770273960447,0.002123084813527844,0.0028905531806414034,0.0005241712368697258,0.012556885384482555,0.008898188240795472,0.004827967103335103
2022-10-11,0.0016695164458278154,0.002217356856187183,0.0010567970976845778,0.0003607389136709062,0.006236473963513895,0.0027832136289336154,-0.002525422024070457
2022-10-12,0.003976768457733957,0.001651244577089283,0.003773915088295746,0.005765462916961958,0.0094263988658178,-0.002446904266323857,5.1232851300697484e-05
2022-10-13,0.0010653710064417149,0.0020986826056576284,0.0018191132577096902,0.0011562342753959239,0.0028566171555444953,-0.002341530070059501,0.002929268126086577
2022-10-14,-0.0018824518107141619,-0.00018593923785373658,-0.0014338887518525294,0.0016569099037608429,-0.005813937666935713,-0.003242737688722354,0.004848154078888942
2022-10-17,0.004515993931955297,0.002577210626831349,0.00488154206282114,0.004653202145575702,0.006310180522449297,0.011567501518702223,0.003608872553219361
2022-10-18,-0.004778191622832595,-0.0023822286993640885,-0.005161035939986517,-0.0047964090095042496,-0.010080211367954416,-0.0064728161359376216,0.00043817341495467786
2022-10-19,0.005391371483762956,0.0038347801494229275,0.002113180107456953,0.004501865988995685,0.0015090116001932712,0.006191883458218579,0.0024131753327057814
2022-10-20,-0.0008593326936999716,-0.0011007305881294367,0.0013329815074793888,-0.0034185242134175155,0.002530376971881257,-0.0005688759100290915,0.004651131428360034
2022-10-21,-0.00014976837019991542,-0.0022057472467782264,-0.0014499518259472287,0.0009896875227091589,-0.0004041856854359589,0.0010430610524595038,0.007160143600704643
2022-10-24,0.003678512271310299,0.0019231675483075614,0.0033699924041308456,0.002467040597087096,0.0011102330345725098,0.008100193403495532,-0.004858202761928815
2022-10-25,-0.0060803444466274595,0.0015785772515505437,-0.003585228987924731,-0.00043593871039712397,-0.007946266886227746,-0.007633184255200872,0.00045847471463342487
2022-10-26,0.00439333492525273,-0.00025377845527988353,0.0016000504249116987,-0.0018209719668383646,0.0009213092039029086,0.008274901091610814,0.0027500899796305696
2022-10-27,-0.00236628716425475,0.0019109485199297253,0.008550622799463004,0.004371373372702495,0.013335466050609878,0.001984195459710239,0.0074113528787812435
2022-10-28,0.008483725649920679,0.002551452092767237,0.003481845110270706,0.018719407863442408,0.008169722145876678,0.0005116234112731623,0.001954898746330815
2022-10-31,-0.004961179742054074,0.0032227056904933424,-0.0008030144296460106,0.006061260816672519,-0.004502737822448336,0.0024119084778580656,0.0027373879062432666
2022-11-01,0.004801138574806363,0.0021168611844226883,0.006207339965691448,0.016487906048709346,0.0053406644243601175,0.002328064778945004,0.0016420773370398414
2022-11-02,-0.0010424609603672012,0.003917850403182756,0.0009086431280103268,-0.006721438269545351,0.0012465940910213866,0.0028572271477912753,0.0016134987202043511
2022-11-03,0.008645139828076406,0.000253220574126992,0.00985753788834939,0.007239564132686031,0.01195060177264412,0.010540546562669362,0.0038803504698632424
2022-11-04,0.009262053509763807,-0.00016597646637391147,0.004926461727530947,0.004735275355739386,0.00740583224304997,-0.00464351642805075,-0.0007347895034376935
2022-11-07,-0.0035503206715243353,0.0012252019616024832,-0.0009032603801594246,-0.0036525440659842035,-0.003792962076247408,-0.0008915421353762666,0.0015047134075485643
2022-11-08,0.009374048551602768,0.0008853921321285034,0.0013683220770238274,0.00275310309729176,-0.0027121883734578835,0.0017533197814530526,0.0016771882219840618
2022-11-09,-0.006720729579053836,-0.0003358137800007736,-0.002903023648001811,-0.00194882522695192,-0.00484318679757831,0.0003595743575815955,0.0022463912202912526
2022-11-10,0.0066430981568837205,0.0006425717268375565,0.0024341824966121373,-0.003382962465181291,0.005878417837171539,0.01461010447467765,0.00022145189178754236
2022-11-11,-0.00824930324415599,-0.0028929386179942025,-0.007749922668820162,-0.006982409670819921,-0.016927679168059224,-0.016027576280654324,-0.001669003068105762
2022-11-14,-0.0012180123574691492,0.004650315411257568,-0.003037670808920966,-0.0008952887058416407,-0.0029301832661706405,0.006612213912473875,0.0075519074936653795
2022-11-15,-0.0003673525747310191,-0.0025563227826801774,0.000250322481484058,-0.007558735195818434,0.0038504294780943187,0.007595158368204646,0.006662977866845087
2022-11-16,-0.0009222923351372187,0.0004107505472170953,-0.005817494502432178,-0.00071348526197596,-0.0034711019232230127,0.002011778223920224,0.004646782381859067
2022-11-17,0.012806759074126402,0.004509424112563779,0.005267233297555379,-0.00011762100210056532,0.0072493937186036955,0.015312019334376958,-0.0007522474207119064
2022-11-18,-0.009316313444890378,0.0009917639314411578,-0.003492487452824281,-0.0029179540854288853,-0.0030596607861083387,-0.009376908198981192,-0.0007474822329221371
2022-11-21,0.012084621496008634,0.0012351261195885518,0.005098563687602305,0.0022731258465261677,0.004753778016800319,0.013949945659090232,0.003829689232440971
2022-11-22,-0.004180887931794505,0.0017887286044004802,0.002982915232674667,-0.0003517707036012165,-0.0008442836153739162,-0.006087722525412857,0.0016366670089195002
2022-11-23,0.004781227396578761,0.0003782399266957881,-0.0013179033029822509,-0.001122510672703779,-0.0004905448619827839,-0.004820294729427019,-0.0002880928931903088
2022-11-25,0.0027850402556378728,0.0013202809749005807,0.0023734994574241023,0.0014578442115377559,-0.001992624830023073,0.006197912344317802,0.00033505896674471645
2022-11-28,-0.0012318643174086864,0.0010273913763691562,-0.0017197606154662507,-0.0016832997753606623,-0.00010360729448605894,-9.628704969264629e-05,0.00617195825213482
2022-11-29,0.007885689745497007,-8.574939424085305e-06,0.003224639821649928,0.0020251951323052614,0.007563769518929278,0.011578667769488715,0.0075722988228372964
2022-11-30,0.00020683962704987156,0.0016118988794593585,0.00089418741053074,-0.00039354425795562074,0.0023469860605494913,0.0009779932744740688,0.0008945719257950273
2022-12-01,0.0015104859405994902,-0.00037071235716759935,-0.0057716367518009255,-0.003424615657401409,-0.009383235150824504,-0.008873237777913686,-0.004153458880659166
2022-12-02,-0.0013291190409095916,0.0026016187178956787,0.00043718767534075523,-0.00046654062613147776,0.0002693443793143008,0.006186016305777029,0.004462576423723925
2022-12-05,-0.0006461037065130003,-0.00020912361518605636,-0.003713357631381442,-0.006166363538030235,-0.002067958833297327,0.00320781724861387,0.0059514471314992224
2022-12-06,0.002666901508497994,0.0012364418669336056,0.003952844305701614,0.00016625515507839167,0.0056370047721449636,0.00793510696475606,0.00289049438114146
2022-12-07,0.004919089694317216,0.0012885549553418166,0.004845075360371709,0.0008146695253523188,0.007801040173287451,0.006471904851081995,-0.0048112727852411
2022-12-08,0.0011300509742783013,0.0008952331888146808,0.0026253030285237344,-0.0017520120847727653,0.001278124731361285,-0.005333649410879875,-0.00021056873613917474
2022-12-09,0.006137642845552655,0.001634854410702658,0.007383232479924822,0.0039359613316346485,0.002999068633904938,0.00112528577616879,0.001075190013820004
2022-12-12,-0.002384925211094355,0.0009934535275034767,0.00013105228530696077,-0.0013765980777609272,0.00037610761625059643,0.0009233738289148503,0.004248606516715605
2022-12-13,0.0010163914160643257,-0.0007914428747408653,0.002819224349066399,0.0008207977179073981,-0.0031560209871583783,0.0014556205037141003,0.004807751683617935
2022-12-14,-0.00040594545518257,0.001493692153066493,-0.0012161071421966608,-0.0023252961692535232,-0.0039037131444607815,0.005305126493114488,0.0018561466375457795
2022-12-15,0.0018408831538774823,0.0013017713698626914,0.000783763205025133,-0.0003337795779231511,-0.0002626456414428484,0.002516552815187939,-0.0006912443958748422
2022-12-16,0.004792848157439645,0.0002687789476753131,0.004897231459963689,0.00036748781613325836,0.007092886942961237,0.007143457772549575,-0.0017543986336431244
2022-12-19,0.004983539061888322,0.0008700658710553698,0.0009108482336611808,-0.002976107873402899,0.006918376432115639,0.0068895364582890264,0.005027714256731118
2022-12-20,0.0032397383983709823,0.0024009904906159,0.0067152699563659685,0.006323453489331551,0.0068207155204805785,-0.0027670997964147634,0.002641668755640727
2022-12-21,0.0018426854445253728,0.00013217559166093357,-0.0014066075797967358,-0.00555338611609589,0.002620430029388241,0.003350814430831695,0.002321822126605919
2022-12-22,-0.0017790953859645828,0.0017961496506764393,0.0021669840494983003,0.003415807291819831,-0.001915642490782896,-0.0013663768671554276,-0.002020882197055825
2022-12-23,0.0017211956738997264,0.0013901502110905432,0.001520593521417714,-0.0001522780660901376,0.007040260514550753,0.0070694789497809645,0.003662276511993477
2022-12-27,-0.0014058965468591242,-0.0011830272783392667,-0.003328010710456736,-0.0024682839042674183,-0.0002560620835874517,0.001753748530218699,-0.0021762154869268526
2022-12-28,0.004237902557239074,0.002973805374701294,0.007177567960100006,0.004924318633717263,0.005322507210823847,0.006649892889041974,0.0024764022353621976
2022-12-29,0.0012333868603029122,0.00010535230309329543,-0.0021634936065722853,-0.0033096481089180205,0.0025958366109495824,-0.0012893125418182673,-0.005667313267843591
2022-12-30,-0.000374796760350091,0.000153874706306302,0.001551736147148307,0.002853494178300761,-0.0028611447268171424,-0.004177196969564833,0.002449215363189317
2023-01-03,0.0022999948008005115,0.002490422492664168,0.0011168503727651729,0.0011614484655248442,0.003472660648407658,0.005483093196298158,0.006890798989774556
2023-01-04,-0.00232448435821579,-0.001078085355098282,-0.0026565331081352256,-0.005368553133758722,-0.0023670981443543434,5.892314088315779e-05,0.00930687382642817
2023-01-05,0.004015702069100429,0.0012976625146547424,0.0043670991234797014,-0.00026446986325020177,0.01225596095689085,0.007357578318265263,-0.0044011396207029345
2023-01-06,0.0015672074041559244,0.0008267210230023359,0.00016281938542623067,-0.002637043985659713,0.008620018974236166,0.001320605136839448,-0.0019049663715369402
2023-01-09,-0.004110973178847619,-0.0003525246535566014,0.0015975405442830923,-0.002845469670160394,0.0015559468061849995,-0.0011905048396924937,0.0006580790331279561
2023-01-10,0.000746200177162261,0.0025941601481168975,0.0010411717739931573,0.0013673414312727291,0.002043667701688731,0.0013514598526615453,0.00807247797526814
2023-01-11,-0.0005439724695993557,-0.0004515876345030116,-0.0013560813981695558,-0.004742406002042321,-0.005491282492105931,0.00027628266788239835,0.0001954957932350167
2023-01-12,-0.0022156136389878964,-0.00048673755203324485,-0.0008202297672230798,0.0007649399574538261,-0.002179410296038785,0.0012356501834137035,0.002966595818203214
2023-01-13,0.003935351188542088,0.002258222534874105,-0.002081164455201469,-0.004035019409831331,-0.004606910054564879,0.004267509871397839,0.005473801316320028
2023-01-17,-0.004326205641938164,-0.0007220218056772986,-0.0004871512035985328,-0.0005139189369956994,-0.0008654692484596114,-0.004622895676086338,-0.0007179782905256239
2023-01-18,0.005122947900415359,0.00259571798944498,0.0010515423782800418,9.724675032766203e-05,0.0003819285949035337,0.0036873549444772303,0.002383175560816759
2023-01-19,-0.0015845498296976845,0.0005904882741531385,0.0012261170608504242,-0.0011199780655961008,0.004494415212651516,0.005573967244399255,0.004228712004507456
2023-01-20,0.0024914582901943067,0.0018604828275888936,-0.0014161022881379816,-0.0002724711438256521,0.005433856228706448,0.004773448356797381,0.0020477912877195775
2023-01-23,0.001293746262435617,1.4785542747659114e-05,-0.0027767335979849246,-0.002260712170752642,-0.0038934390557610566,-0.0017498701812641644,0.0015102115597889054
2023-01-24,-0.0021635638836232794,0.00198382297774277,-0.003913328902953777,-0.0019615103179379035,-0.001196181363963704,-0.0031073451759027664,-0.0006402598663055093
2023-01-25,0.0014525069384710141,0.0005043132340557824,0.0005882678161476926,-0.001533003428697771,-0.0012267829627095063,0.003502041959349422,0.0067313947524043835
2023-01-26,-0.00012962038463271066,-0.0006547182154755284,0.00231435836168419,-0.000762900443682353,0.0024541574178418256,0.007969824657935788,0.006716296054423796
2023-01-27,0.002673980456781284,0.0018014130700768976,0.0013119822436738354,-0.0032244236020554187,-0.0031593266683361304,0.0023927452512787525,-0.001143840813160264
2023-01-30,-0.00045302231723095003,0.0004710091965087166,0.0001502546117450478,-0.00027292889740790805,-0.0011961706196633387,-0.0006289256918628758,0.002974523715152835
2023-01-31,0.0031890067142842596,0.0017618399061612778,0.0011486494998660976,-0.001463605770831888,0.006003377225193129,0.008694859022295946,0.012512040608849737
2023-02-01,0.0011725887978753023,-0.0009256653899509581,-0.0008663753252097949,-0.00297744941058013,-0.003384866346703325,0.0004524448086150614,0.005002341632276875
2023-02-02,0.0024528884567067456,0.0019633489742595014,0.0005835629180890753,0.0002691520241621957,0.0002744802107155532,-0.003184831742741721,-0.002468121354070033
2023-02-03,-0.0018921973170550799,3.239372373425441e-05,-0.008166855421815694,-0.013223657020643657,-0.011595767033267012,0.0015129846436155903,0.0002511958801584952
2023-02-06,-0.0021266546529111717,0.004266709466423328,0.0025091447745387886,0.0017578993262970387,0.003006356798485618,0.005841789820279983,0.010890878969869004
2023-02-07,0.0027735392867871697,-0.002148005695469882,0.002032652712090505,-0.013213373918095335,0.0021821922504188336,0.008386154056772666,0.003173055808832984
2023-02-08,-0.0010671990182989524,0.0023099474787785833,-0.0033634866867598484,-0.0016031024339475757,-0.005459131428811001,-0.00445552959339046,0.0018100588691519989
2023-02-09,0.006062922904483823,0.004755427012306492,0.014057066733496947,0.00502449156855268,0.003988230782380288,0.003847968495256582,0.005082359975182374
2023-02-10,-4.2987443309869255e-05,-0.001394507257910399,-0.000951783384274643,-0.007705445597483126,-0.0018920148138938115,0.0013207759843925403,0.003939465890506772
2023-02-13,0.003792493426313879,0.0016094686349589294,0.00995107670272323,0.007948336786103192,0.007286055469203896,0.008222277283306986,0.0033194504731554942
2023-02-14,0.0019093310360339705,-0.00028373440562190965,0.0034391005110527683,-0.008073011643908421,-0.005461149127139261,-0.0004717933708547929,0.0030422438797363316
2023-02-15,-0.0009277038893968493,0.0019358736213346537,-0.0026098220265020314,0.005720885230758648,-0.0008777555148641516,-0.00358147955934716,0.0005593171234252895
2023-02-16,0.0039050138315199073,-0.0009693019131007468,0.0034410084093330746,-0.0031163186167606233,0.003198155119343611,0.006287741012510648,0.0018876186887654082
2023-02-17,-0.0008251146074761359,0.0020975827097865366,-0.0020274051987568247,0.0010224489131325318,0.004144886495117669,0.003102172813863452,0.009147849227465813
2023-02-21,0.004687546199229576,-7.580196812607867e-05,0.003944858839390946,0.0030229769861326774,0.010214171835583166,0.009750590302479793,0.003579742103921889
2023-02-22,0.0010095796376603757,0.001963674335209025,0.0026893542254476546,-0.0024058041046657935,0.004588527849414298,-0.000702938213381429,-0.00203072287787282
2023-02-23,0.005469038044140149,0.000650054366434156,0.002473870248656884,0.004516492609048239,0.006312978678153822,0.00043652632734098376,0.00023679508293269818
2023-02-24,-0.0006458499141232807,0.0011268533370250152,0.0015391861006016714,-0.0032779028866022643,-0.0014456348111282489,-0.0077892613788427744,0.004704665026223959
2023-02-27,0.0031446462532093117,0.0012329819918905397,0.003600599639693942,0.004213318548621326,0.0057656321536279954,0.0027343286045094397,-0.0006251066509978731
2023-02-28,-0.00024570743622740637,-0.0011452990812503827,-0.0001417816790823675,-0.0015860170613315996,0.00014832812113829892,0.00385019137260586,0.0019916453767238676
2023-03-01,0.00338272490402791,0.0019476742860759923,0.0034797439349839856,0.0005396012067465217,0.002917449520013705,0.0075369827770191255,0.003551548148027761
2023-03-02,0.0006839795423144673,0.0011172261527641876,-0.000718691831942848,0.0018293707363743793,0.0041883322168488005,0.006167013015935224,0.0021200740574596117
2023-03-03,0.0010818448405625885,-0.0003281329733791521,-0.00020140551976914145,-0.002789468398447573,-0.003401202201231374,-0.005059046322647394,0.004764832525265076
2023-03-06,-7.229030481606716e-05,0.00043203910336554274,-0.00031480160102016254,0.0006638576256343586,0.0005712729142589436,0.007560255073312033,-0.002439288834275652
2023-03-07,-0.0038052354398259818,0.002267460193522568,-0.002167444379872395,-0.0009759871826492111,-0.00443055488252312,-0.0042697652674494255,0.0006058025691176583
2023-03-08,0.002241131898949753,-0.000759095388026552,0.0012708699299975872,-0.0023114081359350016,0.00387011109851517,0.009026105217012458,0.003316090970968159
2023-03-09,-0.00018627638963756416,0.0007972949208511055,-0.00034355054837112496,0.0013188485656672588,0.002124831976351449,-0.0006591929452594851,0.0027779561198039144
2023-03-10,0.004768600603317949,0.002164655520779076,0.0028266034181697423,-0.00029135523138378526,0.002276461113877376,0.0033255334379070525,-0.0021623993414811005
2023-03-13,0.001825034560435863,0.00026456538154133653,0.003402699695760018,0.0006351050505792901,0.006136373237258917,0.006285822635186284,-0.0011696952531002466
2023-03-14,0.0016692197742505515,0.00044725243570479015,-0.00021602191180069392,0.0010562154613138692,-0.003441532527153379,-0.0003844572903857913,0.0012581765611252183
2023-03-15,0.0012144419384030782,0.0011279810199268324,0.0017959606582251889,-0.002565678692369415,-0.002137871400459832,-0.00014444185934038437,9.091527782108949e-06
2023-03-16,-0.0020218581459644836,0.0003652865451904381,-0.0024728052236426177,7.705112263975259e-05,-0.006116884735771418,-0.001094499861352182,0.005493021700692059
2023-03-17,0.0019098068088796694,-0.0007821142250916623,-0.0019602047587528723,-0.004476823315907359,-0.00792692517436823,0.0012756588224551333,0.0029893362210636387
2023-03-20,-0.000201446310554073,0.0023195502461876827,-0.0026928230335540072,0.0021415788701451403,-0.001995968868779418,0.0036230392675399804,0.0025748404480279183
2023-03-21,0.0008179522435760884,0.000205463501561045,-0.00041681309171885813,-0.0031278380619849354,0.003096438706718078,0.002989527658178071,0.0001305395306683073
2023-03-22,1.238162980783707e-05,0.00023940121727470775,-0.003111932320677335,0.0008521534849511533,0.002159430517071752,0.002395871320349326,0.0019892174710606863
2023-03-23,0.002349518700749398,0.0033805585410417054,0.002900595653054478,0.0003992241231400791,0.0042650238684181,0.003956340723388598,0.004845643286540422
2023-03-24,-0.0003641334976544953,-0.0005249732846375323,-0.0021062241227762573,-0.0037242801001681927,-0.002745368983092758,-0.002283153681803389,0.005565696106760366
2023-03-27,0.002814922505608522,0.001090348902735851,0.0002840922787487644,0.0030054276566863145,-0.0007000062875555974,0.007187647340417478,0.0032766234276741064
2023-03-28,0.00041760782778216265,0.001310758700652794,0.004236813640104793,-0.0034938549623399744,0.003199386138056251,0.001725354381005593,-0.0020946482185276102
2023-03-29,0.00299823233400205,0.0004787206104089936,-0.0014435205052080904,0.002376731944480472,0.0012284907814646417,0.0038139261335917523,0.0042930934511817564
2023-03-30,0.0006953875336006374,9.53290749365458e-05,0.005221578787676047,-0.0015112346940633974,0.0012321479684542082,0.0008580667954725943,0.001881328897156797
2023-03-31,-0.0003328105481786316,0.0008030267286948463,-0.0008083276091490604,-3.613950534624589e-05,-0.0035740376371127805,-0.0008114657260210761,0.0012251540852526938
2023-04-03,-0.00037851571522736307,0.0005562069756905242,0.001285055172090053,-7.609950631055798e-05,-0.0017313311932328002,0.004548399569334035,0.002277516962494251
2023-04-04,0.00042481458604494253,0.00031571825791872825,-0.0009811785026447688,-0.001975836682314729,0.0008700211135070439,0.000616622875391075,0.007083380953354055
2023-04-05,0.0019095297372239465,0.000852667986735298,0.0002545301116027743,0.0012220880000351339,0.0013941518082044974,0.00618507540702124,0.0015349434056954696
2023-04-06,0.0022255917843332757,0.0020255138565663114,-0.00011271689993093133,-0.001481185597108939,0.003640983001430495,0.0031969026277057643,0.0016389302680818634
2023-04-10,0.0031765566228223524,3.587255659822958e-05,-0.0009081165806375647,0.0004097074669746762,-0.0028536925360885335,0.0019015136924620535,-0.0029649018103381636
2023-04-11,0.002431168694277625,0.0010355526190992605,-3.279869498362892e-05,0.00027648660085010214,0.0020941472448593053,0.0006242366958096606,0.0024846475397034893
2023-04-12,0.0032020882927075445,0.0019497753224419438,0.0016810232435482894,-0.0004527144356679132,0.005243417992962118,0.0019086350553768599,0.0015667845134860812
2023-04-13,0.0018907950861766435,-0.00017052151791074682,0.0009422341136263102,0.0008982272039112631,0.001339112731247808,0.005353858044412091,0.0024670831920550426
2023-04-14,-0.0003956380379320384,4.303329545849463e-05,0.002794666022645723,-0.0009806866034788612,0.0005615936710372401,0.0024263801706598635,0.0010325150594815702
2023-04-17,-0.0003321180413033574,0.002313258722153272,-0.0038800371519526825,0.00028795493708089236,0.0004777004894454546,0.0007851164069060243,0.001459233822882567
2023-04-18,0.0013884455122913295,-0.00044050159174457895,0.004348490275240992,-0.00016728979545490642,0.0019569677738938826,0.0005497204898199698,0.0012269702000231738
2023-04-19,-0.00036735607404608534,0.00037859415405660374,-0.0014437201492429877,-2.9368341183200284e-05,0.0013476677360096205,0.0008514584943709407,0.004147313091138865
2023-04-20,0.0028563809240069685,0.0009413300688189383,0.004295390765112752,0.001828874907632055,0.0016322887126253324,0.0023985672591809973,0.0010486325007742926
2023-04-21,-0.0007817158023787154,0.00132878567092303,0.0001997875206587675,4.283548365538632e-06,0.0022731645389667417,0.005002528800270703,0.0019621262467366153
2023-04-24,0.005706666727975944,-0.0004347021233623216,0.0011742545019747651,0.0019154705594686895,0.0033680100618828993,0.0025960315255873253,-0.0023998226489174252
2023-04-25,-0.00015613096073981364,0.0018280974988702143,0.0007674778138327875,0.0005746314551655059,0.0032127124869336062,0.0031525108827989935,-0.001290022363609345
2023-04-26,0.004112142511571243,0.0011291472137590478,0.0016164736747138757,0.0018671098962981417,0.008029325011007997,0.002842850691918265,-0.0003946304306831471
2023-04-27,0.0005773895470664308,-0.000636498418704739,0.001964242162842922,0.0006211474683905604,-0.011063757712878593,-0.000324452854791742,0.004384414651523999
2023-04-28,-0.0008074307231216761,0.0013673520622536832,-0.0027539385443262287,-0.003607159467360424,-0.005639297158374589,0.0024757259861046418,-0.0033704194484625418
2023-05-01,-0.000432087113316076,0.0020830284349649827,0.002436359070105969,0.0006144738706722325,-0.00572342674946,-0.0008129052689849628,-0.0004931951602402556
2023-05-02,-0.0012947124933696762,-0.00026521990924955783,-0.0017496529500079343,-0.007632757354820116,-0.00048454200107211974,0.0015415354311638214,0.004532428849620421
2023-05-03,0.003554269872931267,0.0013412652572155413,0.0027143000129425283,0.002959372054073306,0.004539307544073865,0.0058313583415177395,0.0038371353101999137
2023-05-04,0.0016226565594829273,0.0018623954594940238,0.0016094771481010221,-0.0014574335988800265,-0.0010219313013978197,0.0020492943833316487,-0.00016262457274057078
2023-05-05,0.0030406811359733254,-0.0002304880579307218,0.000787692658602668,-0.0006889502800173234,0.005071857506125312,0.006452455114744387,0.0004025872264610752
2023-05-08,-0.0005025596975985612,0.0004131838878425624,0.0022982979993303523,0.003456654894201834,-0.005060048024535464,-0.003403479237456576,0.0023312721446909187
2023-05-09,-0.0005153542931378902,0.0010732563955254413,-0.002819918254641965,-0.003374130300533803,0.0041998473787758185,0.00018103371702567943,0.003005944534170102
2023-05-10,0.001267435807680023,0.00027247114150001867,0.002578372096135878,0.004355761270171878,0.001030320600359884,0.006466496626446692,0.003320799120668013
2023-05-11,0.0007375496572397,0.00022047677129942303,-0.005196299228589343,-0.002805930555234912,-0.0008440309363668031,0.00011729462319806563,0.003750701391458223
2023-05-12,0.003923706974913244,0.0009668265645763821,-0.0017252279526669266,0.0021102354385561534,0.0034816345353353454,0.007165135162105063,-0.0003953779319718002
2023-05-15,-0.0018136153399238152,0.000988614688314082,-0.0023858338730653,0.0005164833033979241,0.00024390448917373177,-0.000764557699085803,0.0024641362000963896
2023-05-16,0.005421528387320878,0.00030530162576482354,-0.003076642726085763,-0.0016747931967325993,0.0031513072333065628,0.002040624817718864,0.0038682033207882334
2023-05-17,-0.0005519118411821506,0.001234865180978911,-7.07625247714852e-05,0.003063765071256832,-0.00030494543456132273,0.0014536077763039668,0.001067747571971281
2023-05-18,0.0025661543503593945,0.00040052617587393576,-0.001116775530576601,-0.0032625816310169584,-0.0016203047860813941,-0.003074743209668067,-0.00024248683856629202
2023-05-19,0.00022471610185048727,0.0003052159845642967,-0.001179214683834351,0.0018446738136727663,-0.00014687116928719995,0.002137486329731642,0.004486616173854823
2023-05-22,9.929106281274182e-05,0.0014327281475916961,-0.0012874461565014405,-0.0008663686810069162,-0.0009473003608281025,0.0033675791886619995,0.0034571375450304477
2023-05-23,0.0027179992295618123,0.0006007466160223336,0.0006864656960774272,-0.001107117442977124,0.001046335061972415,0.00464958764225899,0.003086587065666056
2023-05-24,0.0026984924536831776,0.0014083289628042386,-0.0007048147367462814,0.0022923322518340547,0.0037453643332148513,0.005866783466852177,0.004312886167724947
2023-05-25,0.0029833665171445593,0.0006676508269440427,0.0028329530447480235,-0.002640249066920387,0.003680004731144109,0.00083720000777122,0.0038228392442218742
2023-05-26,0.0007030851641713508,0.0013621648833872428,-0.0022798956744345114,0.0021114323873121493,-0.004120219521836472,-0.017306872300702436,0.002166568360706526
2023-05-30,0.0010338046906036504,-0.0008572203743393357,0.003040262760732705,-0.0023851179033717263,-0.0029218409258320284,0.0029225570884403138,-0.0005104856484191359
2023-05-31,-0.0012968750220767346,0.0018965926970103747,-0.001607081584971322,0.00030179852336752037,-0.0018671166841312912,-0.003069571139944522,0.0038325445474002608
2023-06-01,0.0017333783061073943,6.878152494389019e-05,0.0021348511782905916,-0.0011101496844794015,0.003731760521560463,0.014399751928559933,0.006559208541934918
2023-06-02,-0.0008907549218396876,0.0004953720192645469,0.000391783233716252,-0.0018568415325065594,0.0001244766112318131,0.0062292647420851156,0.003978039358068272
2023-06-05,0.0013500462479734102,0.0012801022543332727,0.0006611474083625714,0.0014100865775775536,-0.0008078071484461113,-0.004497580552618945,0.0028511827577840368
2023-06-06,0.0012910235311613346,0.00047419487634827026,0.00015632506119886208,-0.0031019037659276295,0.0009055001552531969,0.013560248461779816,0.0037734176802007736
2023-06-07,0.0018628064416567932,0.0007345724544874711,-0.0003609477253001792,0.002381151751591231,0.0014024741468052332,-0.008303182672442375,0.004816433474382662
2023-06-08,0.0038166789355687045,0.002294946854705906,0.0034146007530816936,-0.0001962278652719282,0.008912465650090892,0.01526899304760065,0.004561087357664324
2023-06-09,-0.0005223502564382849,-0.0005916847268382909,0.0005789895749043943,0.00021216200116962278,0.0015019719493799357,-0.009757411149893484,0.0027132688972762247
2023-06-12,0.002281623244275164,0.002624723736897421,0.0019234872108697015,0.0024124458986609456,0.003260410018124286,0.00898331361438405,0.0046271306024569785
2023-06-13,-0.0011829331013090865,-0.0009700467245660653,0.0018485814521193114,-0.0020216767308974754,-0.0021121332361885388,-0.00018231805632028513,0.005844536727306959
2023-06-14,0.00138948703501368,0.0016056797251384034,-0.0007655721624332332,0.0023090348512115047,-0.0016996980601113518,-0.0027592950904907535,0.0056833339060260325
2023-06-15,0.0016289187229800637,0.0002715514556977358,0.002359341685943317,-0.00155536816051312,0.0005384900624850674,0.005961859386779771,0.005747838521055067
2023-06-16,-0.000981493321337322,0.0009414074745484306,-0.0021686838949656192,-0.00024817046879312805,-0.007783672215831629,-0.001209271751822092,0.004114713238309848
2023-06-20,0.0039293226660937815,0.0015595906886571986,0.0028659368684813115,0.0011617527952148801,0.0051072774984671915,0.010697693109223232,0.0037636935746660533
2023-06-21,-0.0012938049180517752,0.0004464651136333831,-0.0003555215418768929,-0.002884264838376213,0.0012767802051744037,-0.002688300073664767,0.0018525475821417783
2023-06-22,0.0051267662321739915,0.0014857152076652002,0.0030483166294186376,0.002970213276497537,0.006956642585260493,0.007360399505853266,0.006741923390980199
2023-06-23,-0.0011602729468203165,-0.0005273990705192465,0.0004795793509347391,-0.002357756131602785,-8.508505319427704e-05,-0.00033249375272079553,0.0037336108820858432
2023-06-26,0.0019200947039371191,0.002016474493685307,0.0005578728754851012,0.0013105579933212542,0.0022707599471137384,0.005566542272833763,0.002646585856863592
2023-06-27,0.002276612660061301,1.6378967996758973e-05,0.003868282738842367,0.0014618176590490378,0.007284802448699163,0.007353577925528935,-0.0001373759053270051
2023-06-28,-0.0008353256289805266,0.00084109954973279,-0.0010614587155843849,-0.0026305099676272358,-0.003281513373369377,-0.005217515292019838,0.0018059267906001281
2023-06-29,0.003191773682268584,0.0015946996884539464,0.004109632765004341,0.004703367010332084,0.003898726608471117,0.007781185961750456,0.0007333601810086317
2023-06-30,-0.0015026035818288533,0.0005825565481594596,-0.0010756820468843108,-0.002991634696927264,-0.0024477922674840096,-0.002347914804341963,0.0024258197815365513
2023-07-03,0.001080171188165825,0.0003240059856311774,0.001748977763116357,0.0019029755208456631,0.0004752381100527874,0.001555805391232624,0.007509780848971566
2023-07-05,0.0013545509517589379,0.0014838328989881,0.001684144146010566,0.0014981811563127023,0.0018543510699304592,0.0022781144711898987,-0.0003552265704903309
2023-07-06,0.002144487685371569,0.00026795731389265935,-0.0002338034667471187,-0.003010221207061043,0.0010075287030520304,-0.00039640549452653025,0.004337452283153709
2023-07-07,0.0022439690389191563,0.0016231957596792585,0.0006569656443949923,0.004134469324008807,0.000900295695436392,0.008626602635395678,0.008264354756757158
2023-07-10,0.0022509930406538897,0.00033511350798616393,0.002087385549044799,-0.0030809398318316864,0.002031699008470137,-0.0017618239824028843,0.002715839666315129
2023-07-11,0.0021715487567576953,0.002067974306931231,0.0011873053161340877,0.0023338054297599247,0.003574108757347676,0.005635493209540182,0.0003110915685719364
2023-07-12,0.002656837469859806,-0.0002645057325579526,0.003223684784198256,-0.0002702318160190724,0.003974496922370065,0.001340476489222709,0.0021432830767534996
2023-07-13,0.0007474463977924172,0.0013672380209302924,-0.00038894055434028066,-0.0022486653397754057,0.00038318086634970736,-0.000878417144217135,0.0027244144328796875
2023-07-14,0.0010484754957431257,-0.00013635798591154374,-0.00029238555756946677,0.0018201011720835663,-0.0018525394452546464,0.0009582432227214959,0.0010537999830386433
2023-07-17,0.0006381999384687552,0.0010407051866943334,-0.0031258424268722313,-0.0025965940290620963,-0.0007987590338747925,0.0013112151143525896,0.00454144921317233
2023-07-18,-0.00017404461575733568,0.000783281437692651,0.0017430252259092865,0.0015297209130993813,0.0006217815105700167,0.0031795625973832916,0.003766445881451454
2023-07-19,0.0006833916288848088,0.0011368962972943082,-0.0022330555355088615,9.356126433022311e-05,-0.003936605252671974,0.0016501511268340674,0.0036287813646777366
2023-07-20,-7.365161059134993e-05,0.0005957197029175652,0.0034792215081917554,-0.0006875685712915834,0.0010821938884594496,0.0035520088725227946,0.004320032964850447
2023-07-21,0.002659900856891494,0.0025242444919263782,-0.00012508133141800304,0.00303948721612441,0.003689074474420825,0.004342531961913564,0.00505191748982505
2023-07-24,0.0028875758380489513,2.0165814689039694e-05,0.0032082032278372874,-0.00010073398630317052,0.005686136727616678,0.006473386706865177,-0.0014195947406562435
2023-07-25,0.0018722374716141153,0.0028071002897748845,0.0005297260215172399,0.003606507808912664,0.00549280078784013,0.0009899230937664804,-0.0023990911495108264
2023-07-26,0.002537578438979124,-0.0011095069326465582,-1.9276892064669458e-05,0.0012144634833039407,-0.0031252171002021075,0.0011510736661739037,0.0007321276546642874
2023-07-27,-0.0009408875514337848,0.0019947074805193943,-0.004871204650018153,0.00033969774002676526,0.00794580202505516,0.0019403152212552678,0.005145475658432428
2023-07-28,0.0032573782729688064,0.0006774489993299515,-0.00014678336564636046,0.0003052621630089855,0.0036021530711503893,0.0012895468544269406,0.0028095269228205688
2023-07-31,-0.0010056763409445665,0.0002305135407291468,-0.0026698651162022965,-0.0019831853889065833,0.0010562662085887486,0.002589088863251559,-0.002433069164672716
2023-08-01,0.002039265325443319,0.0010117182462898921,-0.0014590497760237206,0.0012368038303668819,0.0014626201974587724,0.0019166521792908656,0.004383384937347006
2023-08-02,0.0009447228812613821,0.0007930901107456339,0.003006018537193413,-0.0029213796599199464,-0.0004867014365921246,0.002584234782360538,0.0018373423648219774
2023-08-03,0.0024935602155816256,0.0017158841903892048,-0.0005440213350899962,0.00360835390616472,0.008647702787853161,0.0065965863529341365,0.003266532352894102
2023-08-04,0.004531203182202746,0.0009758182069174793,0.0047803675787286455,-0.001330883933416987,0.0019339239874740742,0.0017986439900069895,-0.0009733257646742472
2023-08-07,0.0048624646579765556,-0.0007976854040059646,-6.001091040739746e-05,0.0020317501725036122,0.0018850327766674999,0.0029934532646022608,0.0015850574226526238
2023-08-08,0.006402164006291416,0.0011225260818182516,0.0010427601055915162,0.0010507232014044,0.001769298791210304,0.0006724688796684074,0.00301817308558198
2023-08-09,0.0012184439359918544,-0.000177300533297291,-0.0010761201932577135,-0.0001300632970665422,-0.001228540923572388,0.0015229100439356287,0.0024127543895613134
2023-08-10,0.0037188782212619928,0.0020906001842643934,0.0027330762372322413,0.003185291435818275,0.006595540883033396,0.007861852169694197,0.00018059568462250363
2023-08-11,-0.0017622255734202942,0.0013272517751551727,-0.0005663028203491267,-0.0008098343666464226,0.0004920259766099519,-0.000634198571096757,0.001266177928643242
2023-08-14,0.002880979956322597,0.00048418315236917024,0.0030797012269824387,0.0045645183915440585,0.0049074129639717695,0.008281744402122277,0.0018633532607086104
2023-08-15,-0.0023746031245748664,0.0002858869675266731,-0.0008203696945357792,-0.0015944995554026816,-0.002558114834251749,-0.004536291808382654,0.0009844934293039218
2023-08-16,0.002292351988884769,0.0017834940203701644,0.001813875820832332,0.0037909823495778827,0.002522226655872405,0.004092146616536565,0.003778001420709195
2023-08-17,0.001738821417128154,0.0008258974461456989,0.0014039005497064317,0.001038947254241402,0.0016397395538529614,0.0012022487758161725,-0.0004313397578791329
2023-08-18,0.0021541761715019535,0.001854827193206193,0.0003074824495482945,0.0023879518319811113,0.0030134172775151203,0.00037779021567423783,-0.0016908032145063036
2023-08-21,0.003093694788014219,0.0013118306648968968,0.0031235602547119534,0.004067780760118711,0.004226333190249582,0.008408131639193106,-0.00024234359996518637
2023-08-22,-0.0014681554826877637,0.0004634912881524788,-7.897623062980618e-05,-0.0002477384349426182,-0.003195767055495705,-0.00997982522111604,-0.00152378505843589
2023-08-23,0.0023627992545669765,0.001173116504973147,0.0010526700410361269,0.004414457625040028,0.0011461482649580343,0.010906025489397272,0.0026452144690095754
2023-08-24,-0.0038906392015640497,0.0002583834525792016,-0.0005357072475206576,-0.0021789819723822424,-0.002574439306011863,-0.006163354521795186,0.0038140842993135368
2023-08-25,0.004568383650539689,0.0020071671545690848,-0.0002649999715676583,0.004548862548650921,0.005226707227209439,0.005487289189645549,0.005789683550318584
2023-08-28,-0.0016148047136335028,0.00014912232117880102,0.002298209563246269,-0.00047288463054316555,0.0011844446551071916,0.006026836400272503,-0.0015041532643889776
2023-08-29,0.0023317033946676754,0.0020350947616686378,-0.0005910729725379241,0.0014699565685703925,0.00045672716345434346,-0.0046966942741727335,0.0030829625208037593
2023-08-30,-0.0005489130338095325,-7.810149086792553e-05,0.0007673130216409757,0.001780252661125338,0.0009086062351696686,0.009036756441246338,0.0019848754390893422
2023-08-31,-0.003177470730923045,0.0011474689979233245,-0.0026862324652221032,-0.0013697837608142676,-0.0032337027109348316,-0.0075952414792396575,0.006198362805710443
2023-09-01,0.004198531266081028,0.00011386981519966467,0.001953184245742992,0.0024207609101286943,0.0054863345181978985,0.008836402351682222,0.003074669567947795
2023-09-05,-0.002529248065085328,0.0013783842581174298,-0.0004192414290240368,-0.0007247812233531581,-0.001381152981100615,0.0013542551984249383,0.006092466713674858
2023-09-06,0.0061129320702633,0.0006526494455319134,0.0025494468150188774,0.0016594159079685873,0.003343206546677159,0.005186981424047327,-0.0019332842459327737
2023-09-07,0.002723273116368762,0.001653508971372393,0.0011599988984471092,-3.4945665837238953e-05,-0.0020056721181489824,0.006017672045080247,0.0030448755967453795
2023-09-08,0.007393042421666295,0.0006630076664156492,0.0012956539459246994,0.0008816612911160917,0.005410317165318271,0.0011002505441851831,0.002706207339040427
2023-09-11,0.003063266109536726,0.0013973737466163923,0.000151917534538896,0.0009611344158743186,-0.0004479929315697848,0.005245295675185592,0.0042470212488385645
2023-09-12,0.00035673152609789365,-0.0006974433390772631,0.0008558861957915402,-0.00048242192942537696,0.00024087384792675784,0.0016369419746966414,-0.002336543353791929
2023-09-13,0.0018000360262715109,0.0021218605150322527,0.00012108164574893337,0.0022377999147555777,0.0021267355933020163,0.001337681245598367,0.006855468130019899
2023-09-14,0.0007692685266176378,-0.0011036455495874284,0.0009095103715329286,-0.0015866491792831357,0.0011095420237322128,0.001103499064990761,0.004937601927460843
2023-09-15,0.0013537596574520123,0.0025156091953396085,-7.268877885746486e-05,0.0014285526586340946,0.0006784120920508719,0.0014323575194656153,0.004749014082660803
2023-09-18,0.0009580925648979056,0.0007742653215228985,0.001290420217484013,0.001824377949420133,0.003507489366631967,0.004769575154784316,-0.0005323166402034958
2023-09-19,-0.00021912137084196528,0.0016550492781716272,-0.0005076356386323423,-0.0017972232663889388,0.0032775161758634673,0.0009129863077940354,0.005844948760194265
2023-09-20,0.0003711750927630111,0.002418800458432047,0.0017993352371254814,0.004265221762551499,0.0031398840489771235,0.004870743884837306,0.002361411174520404
2023-09-21,0.0016173695910291289,0.0007929270332121951,0.002124895659436459,-0.0009305646340630151,0.003484170351100887,0.0028672472510737723,-0.0009877433731515536
2023-09-22,0.0022858092358095947,0.0026633881989001906,0.0029272816318584452,0.0019910898639789428,0.003231346143924784,0.0038471504817043705,0.003033626598581881
2023-09-25,0.002748593738088281,0.0006485871014215641,0.002971194892776289,0.001746936934501175,0.002055075752608303,0.002541078335609277,0.0036934410283832693
2023-09-26,-0.0008174780139284215,0.0010216704166156657,0.0014902391724871892,0.00011422107432799858,0.0002300867740277963,-0.00024293580957190355,-0.0026758675183885913
2023-09-27,0.0033212765627223953,0.0016685009308923906,0.001036677720556784,0.002095628102473992,0.002714523989682636,0.0032935040780985143,0.001723306447770553
2023-09-28,0.0021810329678956346,-0.00013916774380676677,0.0006561411782668967,-0.00020476702846228495,0.002423594412297868,-0.0006662378021214817,0.0023720612659070494
2023-09-29,0.002020034101455053,0.0026303167376440823,4.7673221981912373e-05,0.0014191982031651299,-0.00021091834774430844,0.0034560187071636748,0.001279337472728779
2023-10-02,0.0011377737395797441,-0.0002847134880250478,0.0011209096893824472,0.0012100052735243996,0.0013317767387951904,0.0001822353604190724,0.0014315349269632166
2023-10-03,-0.001591034502806429,0.000709131471232516,-0.0018771183399951532,-0.0009557755088502905,-0.003864793408887357,0.0008880212300622454,0.0032119008434800217
2023-10-04,0.002774225750449064,0.002040029059239192,0.0024617187769078626,0.0028407655190486863,0.00633574736097753,0.005658613342523711,0.004891524827854635
2023-10-05,-0.000690399866439183,-0.0005751080732098675,-0.0009071545864558248,-0.0014697180439830967,-0.0010726966238407943,0.0005287722844466705,-0.0006233883038059612
2023-10-06,0.0021120466500255067,0.0027962485694097415,-0.00023756493758532947,0.002201410162038315,0.0021104240182862927,0.0034138832290544403,0.003719686266902283
2023-10-09,-0.0008280757695841094,-0.0007823681097365176,0.0016985011750899484,-0.0010916736371538848,-0.003258780685071738,0.0008998411861618426,0.003472444528902144
2023-10-10,-0.0005065818178690165,0.0016884327914411994,-0.002799940738746336,-0.00029733897389752596,-0.0032014866534472042,0.0019035556257246014,0.005015863164380104
2023-10-11,0.002959723105435497,7.850833448552481e-05,0.002997433266434783,0.00037219426384123115,0.004469801847450429,0.0034971553144236556,-0.0011518038269247815
2023-10-12,-0.0007663283977812159,0.0005819365082424311,-0.0025720280017802457,-0.002248138896559155,-0.0030641172161138645,-0.0006651475755043035,0.0032180108146470437
2023-10-13,0.003534405146702407,0.0010447723096700496,0.0034265442095790357,0.0027454218425393712,0.00630819549869364,0.005145973674055046,0.004032558032647314
2023-10-16,2.5672765891785994e-05,0.0011400391747168283,-0.001297815385182713,-0.0014041496138260947,2.9392316907369317e-05,0.00185267833532638,0.0013199767241132972
2023-10-17,0.003156747650050615,0.0003640947481921334,0.0011839827844884955,0.0016413411685448325,0.003548584920036072,0.0033517203675820645,5.784116777473409e-05
2023-10-18,0.0030412042492933937,0.0021292781097950425,0.0017206573080090178,0.0009724882861772529,-0.0005619680610619035,0.005393787381793063,0.0019522842381070964
2023-10-19,0.0018145892543881843,0.0006587522092956392,0.0003516773786821834,1.3441417742841941e-05,0.0014220170285538512,0.004630357496288587,0.0026483796981806094
2023-10-20,0.0025915911485989928,0.0011267953538195608,0.001534211260027155,0.0017365687528190245,0.0018964241622450022,0.0018307625642074413,0.003130174014239555
2023-10-23,0.002725381124478914,0.002362870941481368,0.0030304250917295786,0.0018003213202885402,0.0027776963262695978,0.004852172692032071,-0.0030492416861927166
2023-10-24,0.000571102486251065,-0.0002999871054120539,0.000848477307721467,0.0006080277295258437,0.0010621201724941877,-0.0038554296307396797,-0.0045905818706923895
2023-10-25,0.0014175542332169149,0.00133832388596637,0.00022851131391029818,0.002078657461800265,0.002152661508040732,0.002526844492181333,-0.0002715187892986244
2023-10-26,0.0014440707443956692,0.002335990974378447,0.008204017506191898,0.001898184632865595,-0.005366852040228584,0.003670089762551852,0.004829995037982339
2023-10-27,0.0018724980902396736,0.00021472993375158428,0.0036025365045498706,0.0024077380875659185,0.00569600206732278,0.0029896047316737544,0.0017778433611542435
2023-10-30,0.0020017177782918377,0.0001006615489228573,0.004982330521389013,0.001973302025736116,0.003886220057607288,0.004083198070551293,-0.00031905293841988673
2023-10-31,6.692701489655235e-05,-0.00030581104954701126,0.0023417218863141906,0.0015172023687317448,-0.002365654469809103,-0.0004847129700930649,0.0005482238273372404
2023-11-01,0.00030813386796900454,-0.0009127234059084798,-0.003985780699606006,0.0004430287784672368,0.0010310115688398833,0.004155584653759982,-0.001008639273304998
2023-11-02,-0.001044663364573232,0.00021711766588717067,0.002798266107887053,-0.000698239862682932,-0.007669272461984201,-0.001908040274142534,0.0019655571538193172
2023-11-03,0.00039455408664457593,0.0011593311272919617,-0.003238522172579776,0.0022805745662142175,0.003935182282499354,0.0016377996067381481,-0.0010395917632120555
2023-11-06,-0.00024328417403865986,0.0001286798895104073,0.0026018093156270857,-0.0021629409477555146,-0.004743413705700483,-0.0011277192830520294,0.006955975500474046
2023-11-07,0.0013133458603022767,0.0011593758557854406,-0.002254111711676149,0.002037875162988721,0.00194194847176637,0.0005769315939210167,0.004194028955474199
2023-11-08,0.0006064010989207838,0.00037198808410538364,0.001128220310205411,-0.0005083546876596385,-0.0017910295379960628,0.004255869201972535,0.0016950739636850572
2023-11-09,0.00042202849099448733,0.0011849563166902032,-0.0010856909914434025,-0.00012396429358733647,-0.0004136165503758687,-0.001203357334784163,0.0015387566166541796
2023-11-10,0.0011277228790447854,0.0008862173475626087,0.00293150612339107,0.0014615661098280127,0.004003849179373327,0.005271514054553115,0.0034790327080406677
2023-11-13,0.001158925877102919,-0.0005810419767043366,-0.0007885567516191869,-0.002113113178322845,-0.003447630808307334,-0.0018892588176655173,0.0005268696234924713
2023-11-14,0.0012114804288829919,0.0015025011032583939,0.001334437866065629,0.002309998995574162,0.0026626166964959118,0.0037274452788314096,-0.00015627727404740306
2023-11-15,0.001219372362490732,-0.00047385773744147274,-1.122794223416487e-05,-0.002841909915901979,-0.0010277654355147225,0.0002982641961613462,0.002512525027019667
2023-11-16,0.001079863358691017,0.0023558861432475095,-0.0008566300773616752,0.0020537494606438235,0.001774266019243613,0.004304031467960392,0.00904410931460025
2023-11-17,0.001401332522392604,0.00011883036216851761,0.0004662310935689988,-0.001000566119370268,-3.923282455716012e-05,0.002963911761000204,0.006003705296838125
2023-11-20,-0.0008640872220961728,0.0015140902197507515,-0.0002258097479180916,0.0004157928301635979,-0.00062169121407674,0.0015205510384029568,0.0012331827352728218
2023-11-21,0.002907771569265181,0.0007273298252626856,0.0012787906891823801,0.0009356840035198404,0.001718278218438941,0.0030700317024804575,0.0006207482062988976
2023-11-22,-0.0011529963213621726,0.001089267730247911,-0.00022099061767746756,-0.0010036272370887744,-0.0001627048043577196,-0.00019575313361424847,0.00020638290250239158
2023-11-24,0.0038233906124337546,0.0004102806448011149,0.0010182726477302373,0.0012839965221384602,0.0032200418469994045,0.00679196868152269,0.005808278077334686
2023-11-27,-0.00011821503553632266,0.0015640211844206563,-0.00032612948526947736,-3.684090787311122e-05,-0.002192080514276401,0.0009254145290531952,0.0018008296871878371
2023-11-28,0.003141064965384329,2.5273242111195702e-05,0.0021969118468847695,0.0012693416341335287,0.0047322303612971845,0.005300121143071461,0.001370714818115518
2023-11-29,0.0004524810220732096,0.0016310231251609796,9.758171485847896e-05,8.799309723392357e-05,-0.004538981771187518,0.0014161080883662532,0.0006977081726404254
2023-11-30,0.002461985023692849,0.0009030200183534034,0.0032432383922403347,0.0024044486088630013,0.007386908942927336,0.0021635937611877917,0.0055713028432995
2023-12-01,-0.00016185341563266543,0.0012322340306802244,0.0016146896396213918,0.00022273150370835171,-0.0019966289814934346,0.0037889747580869357,0.003032525249371458
2023-12-04,0.0014150203533038173,0.0013352309187150563,0.0029071777742833297,0.002386245080625786,0.007614184916683272,0.0015208832813377914,0.0026507806154674103
2023-12-05,0.0015372882027572406,0.0013825125693155873,0.0030351254548135393,0.00201902643662846,0.0023962612856267868,0.004353943819347592,0.00023295997611906928
2023-12-06,-0.00038130007159170175,0.00025729723191670153,0.0007211829279693773,0.0007777818478395177,0.002236884483800463,0.0009457558552943978,0.001428493251157358
2023-12-07,0.0020296179104734853,0.0021047929471101185,0.0014667656746650962,0.0029339697331179034,0.003714405354840711,0.0030323183407752366,0.0034153863864953447
2023-12-08,-0.00038169992822635287,-0.0003820146042534695,-0.002255630557453964,-0.0007402477252514637,-0.0005116430086111593,0.0019783498143287437,0.0012260471066427886
2023-12-11,0.0008147754894337158,0.001749636623859508,-0.0010039837693175881,0.0015830680297748935,0.0012273550266548368,-0.0006144844113711158,0.003305494912926721
2023-12-12,0.0033976229054281824,0.0006332085674760014,0.0024775708939277436,0.0004195520795604029,0.0011169495621924928,0.006710681461657932,0.0028056980404500085
2023-12-13,-0.0008285281383080393,0.0007392497586778691,-0.001111047256707444,-0.0009310049574739863,0.000236434541637636,-0.0038218741209149506,0.0016065341594919593
2023-12-14,0.0033715871920244373,0.0011254607276669551,0.004833982576323732,0.0029055676045115324,0.003143967724691399,0.0074722024460502365,0.0014516813988595602
2023-12-15,-0.0019234365238536232,0.0008918588093379276,-0.001075907290611563,-0.0017457173110102622,0.002444509122197217,-0.002416625775406271,0.00043581931140921184
2023-12-18,0.0022066132660427907,0.0003585300040335087,0.0031057690134144696,0.0016894446694793164,0.0017758993647562845,0.003096504140493771,0.0042995810007657575
2023-12-19,0.0014811204257904108,0.0006400378950263393,-0.00186273209309235,-0.00025384848132111327,0.00044091485185598347,0.002546767413119939,0.004932661047306827
2023-12-20,0.0008606976016249208,0.0006921372532995363,0.0003997720096492552,-0.0009168156055197761,-0.0014332669684848688,0.0005832558974845068,0.0031817176898672867
2023-12-21,0.0028318026361698213,0.0010629811673195082,-0.0014619450120125074,0.000994062567505843,0.0021674887699579095,0.005873048736088775,0.0016192145440559148
2023-12-22,0.00012143330618868053,0.0009811650137725846,-0.0002564788454390318,-0.001896763180739397,0.0019115863895890768,-0.0012689294857435394,0.0009908803807458255
2023-12-26,0.0027924765481378688,0.0012741970317526052,0.00028848380591068787,0.0022080401928387936,-0.00038479008435880215,0.006269821623047659,0.004091447057696029
2023-12-27,0.0013256886182753025,0.0005721418873949966,-0.000450992344813613,-0.0015181207332289454,0.002507225328676548,-0.0009749380274244046,-0.0005132393418019838
2023-12-28,0.000530049906649259,0.0013265863829829134,0.0017339782592096804,0.0010147203737807375,0.0001035247737082572,0.003203074202852133,0.005327070372068766
2023-12-29,0.0025738167837266314,0.0008398564579983568,0.0011972285962711638,0.00043771679453609143,0.0028360941210111273,0.003306769418239444,0.0026984626781340914
2024-01-02,-0.00019124693315721725,0.0013277917148370795,0.0016125266358195845,-0.00012837724312989279,-0.000229743306653304,0.00036089762239434374,0.0013495054228558573
2024-01-03,0.004838925762065516,0.001327343245945919,0.0019479433883618181,0.0026158796025237685,0.00438368238690637,0.007459450345496966,0.00151359709930382
2024-01-04,0.002216821127565629,0.0013580983534021425,0.00076197839742383,0.00012844545408369397,0.0014688255645295913,-0.00024936065571972863,-0.0006745436647533844
2024-01-05,0.003743254079752344,0.0018157351380075964,0.00229710955701972,0.0023237224545205803,0.00363348204301558,0.0050805769816306134,0.0012643427090024278
2024-01-08,-0.00020719576601878147,0.0005723889562828843,0.001464423051892148,-7.565254207663884e-06,0.0016494824557296223,0.0003322121857711447,0.002153726254832764
2024-01-09,-0.0007904191146626053,0.0006427730293872756,-6.515646644275922e-05,0.00013177906010391073,-0.0017380493760040876,-0.0026970509223823093,-0.0009228479632725937
2024-01-10,0.0018509888813268399,0.0006247941824924291,0.000751783539945097,0.0011099257856558766,0.0006562691684153178,0.0032086683147383014,0.004581312099610644
2024-01-11,-0.0027061448573888532,0.0002201232542887731,-0.0019057811159467232,-0.0020497202469528077,-0.003578693987968772,-0.0017925912288176285,0.0016629069956560537
2024-01-12,0.003586157255147547,0.0008563800987312925,0.0005548529708710538,0.002102073921539772,0.0009529676727521178,0.004564850546209761,0.0005459086404100396
2024-01-16,-0.00029647317483353914,0.000805524639953255,9.002020420010182e-05,-0.0024424347261519986,-0.0009457188699818807,0.0030613906029041595,0.0006838548914800601
2024-01-17,0.0023115241545292073,0.0011773151754445892,0.0007996833766063002,0.0020398562944893904,0.00027022909533894234,-0.00052891986482991,0.0003437135347963238
2024-01-18,0.0029015821063333586,0.0012696302684650626,0.0014679882696740313,-5.2205196142502785e-05,0.0033743415017835356,0.0059090575368382,-0.00021203011650705768
2024-01-19,-0.0024464515628600902,-0.0001993424738535531,-0.000343169470578704,-0.00044895317299554734,-0.0015292591734898705,-0.0018009685158543428,0.0007272189914862065
2024-01-22,0.001589076039308157,0.0009057103454562334,0.00022418327015397946,0.0013748986572609573,0.001053858724913124,0.0023175467687128136,0.0020048433831191944
2024-01-23,-0.0032174519382761092,0.0009324473493861944,-0.00010632163530213505,-0.002203241625130737,-0.0006615532005004598,0.0020330524300835643,-0.00038659807193872336
2024-01-24,0.0023127451949480965,0.000673903254903029,-0.00076046020178077,0.0015675875135499387,0.001828732051965857,0.0012984473339044942,0.0009757063973452125
2024-01-25,0.0009146197982912454,0.0010509910721265207,0.00027461716594552696,-0.0011061914628054414,-0.00019855899710437448,0.0032388197365198893,0.0027011630317640345
2024-01-26,0.001100952416637258,0.0004951354173414433,-0.0005491832474950012,0.00044958916976548305,0.00027304839698141597,0.001139181142350508,0.001157147676395463
2024-01-29,0.004561469211675931,0.0008220801229889598,-0.0008466027766193491,-0.00016488318294625504,0.0008472537248287136,0.003913202886376598,-0.0020520989839194273
2024-01-30,0.0004602034545069446,0.0005234019665035352,0.0003278305988305187,-0.0006076995433422173,-0.00011053473485225741,0.0007173232178567233,-0.0023627982020128654
2024-01-31,0.003856062368638146,0.0008259940756469959,0.001043999319506302,0.0011372003009753272,0.00050031766429532,0.003051864228861517,-0.0023733366283219272
2024-02-01,0.0028109446061716135,0.001296469904924109,0.0052634801128024974,4.228846846413936e-05,0.006018107650499693,0.0031206186054429774,0.008377994546874226
2024-02-02,0.0004951882270196391,0.00029992825935097633,0.001962909298474538,0.0007225008075095729,0.0002205226607337016,0.0003629030030124457,0.0009526012491769455
2024-02-05,0.001629835292686099,-0.0007176136495507352,0.0038649142595666677,-0.005897960408945689,-0.0012439590343022245,0.0012453103895562916,-0.002792988470697666
2024-02-06,-0.0010076812167772087,0.0007280233742007795,-0.0002672008453696241,0.0016580661451681383,0.0001975768836569036,-0.0015826888279765355,0.0035908286002132913
2024-02-07,0.0012157621215681716,-0.0002590270406762729,-0.0020496451654746658,-0.009343533449198596,0.0016617082073231146,0.003782704458562832,0.00093096999815562
2024-02-08,-0.0002037374985979928,0.0021853660131682835,0.0030570034471547993,0.0009561263905284109,-0.0001558640457444021,0.00036902863665163937,-0.0015731829902854064
2024-02-09,0.00026618653682377257,0.000609989341137563,-0.00233008409261163,0.0006920006217747834,-0.0012464385436674044,0.0036514262505938453,0.002486702075037484
2024-02-12,0.0025129837310861134,4.293414872345576e-05,-6.347879656233308e-05,-0.0056163912274152196,-0.0011209932630845641,0.0014877872072692057,0.00486278157005607
2024-02-13,0.00011232111962425914,0.0018336313028150546,-0.0008129995035603662,0.006047906180247059,0.002866579468238712,0.001176509997671001,0.0015349168987553998
2024-02-14,0.0034765562876135307,0.0008388925794015193,0.001808092604037801,-0.0035632025911549814,0.005495618070536382,0.005636971415578134,0.0010224207082470066
2024-02-15,0.00036522454454840543,0.001248648095422739,-7.1829596052042175e-06,0.0030848552236246987,0.0008392967196302681,-0.0030392248530977366,0.0013635851137479469
2024-02-16,0.0027175053444293655,0.0014694653433925723,0.003964024088499871,-0.001520109886295563,0.004337328698741287,0.009186781242191444,-0.001004660287980233
2024-02-20,0.0005238178235358049,0.00023525153438734125,6.649800350277653e-05,-3.8956934161611494e-07,0.0006469030602619056,-0.0023224139101142736,0.0054970904232839735
2024-02-21,0.0022435358094296393,0.0017259828747323014,0.0021554621675072515,0.0017637547617577202,0.003711705647070949,0.008702642215185546,0.00639143570850949
2024-02-22,0.0007095253710704419,0.0006071111017924236,0.0012751270330463521,0.00039408980848583517,0.0024264829458070384,0.0027562303428957406,0.0004901630476124223
2024-02-23,-2.6527442418041586e-05,0.00023524601048915592,-0.0003735782643949164,-0.0004290007906008991,-0.002623466976831439,-0.008187772500039797,-0.0007363013019877568
2024-02-26,0.0010453828900352663,0.0006091731890818982,0.0007782968368164792,0.0005456428362664101,0.002069455532986259,0.0075335209945658795,0.0031056087015031127
2024-02-27,0.0011190429652525016,0.0002805230575103429,0.002846233482409846,9.487516136857943e-06,0.0015039915687617574,-0.005743606267277561,0.0022781771944521845
2024-02-28,0.0016003446690454998,0.001784208159759957,0.0019505906390719975,0.00029335160470763126,0.0023696958301772887,0.006464660731164373,0.001766054548505067
2024-02-29,0.001524465640786284,0.0012954739578133947,0.0029629834282184388,0.002136019736575765,0.002804779281110302,0.006739895156911891,0.0018032379941744392
2024-03-01,0.0009855495713058928,0.0005757591856135028,0.001499918003081311,-0.001737369351657283,-0.0026358053740914633,-0.005468343110538548,0.005697341150103915
2024-03-04,0.002385673820540413,0.0008523889123313981,-0.0007768863166304422,0.001414942573569132,0.0011074694368919454,0.010278023380337804,8.09015870951084e-05
2024-03-05,0.0028015085880247993,0.0006363492349558846,0.005182253267204476,-0.00018407521605743335,7.032320644755519e-05,-0.007375941846895628,0.003024632535442397
2024-03-06,0.0037853651522351964,0.0017173587168243564,-0.000805833629170308,0.0009062157927907746,0.006960904964746094,0.007837307746451146,0.0010523771483044733
2024-03-07,0.0032075990968270813,0.0014170173568303177,0.005326983020729626,0.0013733506773071576,0.0052692470013513525,-0.002387869624334948,-0.0022633175174161407
2024-03-08,0.0011479334279814125,0.0009376507611900161,-0.0015089067560755311,-0.0005294337332986,-0.0014750186452115487,0.0010846321098719755,-0.0036663989105654767
2024-03-11,2.6154111608044225e-05,0.0010293297299234507,0.0005714940773941781,0.0010456076664229314,0.0027584949342944047,0.008855322203419242,0.0035168232529411286
2024-03-12,-0.0008451587658958035,0.0008396001324620617,-0.0003034467134184133,0.0015628224534780602,0.00015139782803052257,-0.000584485135651814,0.0007445964956623082
2024-03-13,0.0006512975167979179,0.0009052283673578267,-0.0009493396508907138,0.00042604381057373755,-0.000356720596298374,0.00343239881486885,0.0006708418494158134
2024-03-14,0.0006351229478544966,0.0012553297453492618,0.0011891173942293594,0.0031742568646167305,-0.0012627146020274278,0.0028431780774722973,0.0020947526854879247
2024-03-15,0.0016363760854100913,-0.00019876971191039338,-0.002124152039902785,-0.0008385338591049745,-0.0033526062039206184,0.0023944979488623643,0.001949677852147177
2024-03-18,0.001538379849533162,0.0019022285191998944,0.001996241120787998,0.0029430611477411833,0.0029214854043831204,0.005001728030923278,-0.0022123554860085377
2024-03-19,0.0009530795880585217,0.0008193258503440281,-0.0033741448884899773,0.0007289103750551969,0.0030028773781074465,0.0032620677164685247,-0.0025918565533337564
2024-03-20,-0.00010558085658953203,0.0016199280602548288,0.0015273002072547536,0.0004957988705724858,-0.0017495666651485993,0.0005545288765515946,0.004105198771011424
2024-03-21,0.0010871495607034892,0.00036808841323123604,-0.00010224492985027277,0.0006264681549258597,0.0020998251450700355,0.0029562573916708298,0.003841096977377898
2024-03-22,0.0009486037326022251,0.0006775987858777706,-0.0009965977799187573,-0.0003263023616917164,-0.004915691235489059,0.000697969775831237,0.0032703158185393762
2024-03-25,0.0038013155079299693,0.0007680734790809056,0.003279426504141229,0.001570294456148578,0.005006267522862012,0.00124924082094153,-0.001483628606183881
2024-03-26,0.0021954086253202125,0.0011583280447499244,-0.0020724604717060123,0.00015816381914878332,0.0004957891380930489,0.002007475345918245,0.0034271331348251907
2024-03-27,0.002047880040605443,0.0012424460591982463,0.0024057206795222467,0.002930732804946272,0.004712527911360118,0.0037493776262449152,3.084507468715386e-05
2024-03-28,-0.0020431372534516308,0.0007316239934305612,-0.0014539767908186463,0.0008416431324241923,0.0019067506251571574,0.004493177296050692,0.001912561046725028
2024-04-01,0.004233493891294937,0.001272620356800297,0.002725070087313343,0.0029669648076211886,0.001622720040996852,0.003798441087346806,0.005637467168488744
2024-04-02,-0.0027277422026680794,0.0006105895218065467,-0.0031395251373706563,0.00034652268908253684,-0.00021319660699142774,0.0026911094623682983,0.001243659433746301
2024-04-03,0.005124323553019661,0.0010765654686766648,0.0031396669691197226,0.0016076368552629511,0.002361302899050989,0.002957112220199152,0.0004471685502616721
2024-04-04,-0.0008620254677625937,0.0007949106194794081,-0.001608194395219175,-0.00030116223002070344,0.0017713907760856914,0.002496523861337833,-0.00015704438542468637
2024-04-05,0.001059522192744538,0.0015131108431499017,0.0022596967856795165,-7.328645636190431e-05,0.0031584457784784954,0.004783581917420673,0.0013104198914453465
2024-04-08,0.00237689707116408,-6.182218688119585e-05,0.0016571170757225236,-0.0002564315292824047,-0.0009698849228278125,0.0006442599437324992,0.0005875668334007073
2024-04-09,-0.000926992219973936,0.0015333885914029935,-0.0006425735217614076,0.0004916350802445387,-0.0007788174607474883,0.0034763310788436625,0.0026398328504316213
2024-04-10,0.0033643982210510353,0.00010102369107610129,0.002436759386309585,0.00033893001976083824,0.0020331414441493324,0.002904270227474383,0.0021235435696938393
2024-04-11,-0.0009705963959718087,0.0013596765086548782,-0.0026789017967850776,0.0008024775263890567,0.0008428786502993107,-0.00018435648519487613,0.0008742224659809025
2024-04-12,0.002161658581694116,0.0007025425029366268,0.002174386414408125,0.0013526916988768377,0.002985163906973673,0.0027570788828810743,0.006075256847370657
2024-04-15,-0.0007167050719176489,0.001525529790289616,-2.7557020601580765e-05,0.0006768699311646359,0.000771802160792878,0.000259521452758176,0.0001579520619442254
2024-04-16,0.0021325548924732893,0.0010455897578816086,0.002841239367028595,0.002892117551522357,0.009544162334821249,0.006020184652948065,-0.0006362419860590754
2024-04-17,0.001056832140879832,0.0017102448506505067,0.0009218481089633651,0.0011769282469035918,0.00021991225281674785,0.0009282147449643772,0.004260447423224645
2024-04-18,0.0059807059052613114,0.001478843149014595,0.003467392561329535,0.003056640338640186,0.004879737781122658,0.006493143090561256,-0.0035361795586455105
2024-04-19,-0.0008675225690208447,0.0010223638205113877,-0.0002975699033502949,2.0139294663525098e-05,0.0021380693172429795,0.0002749450386888004,-0.0017892680905599663
2024-04-22,0.0038783242734061214,0.0018517361102714158,0.0021638125963520595,0.0041798554164653185,0.0059138654775588015,0.009494541504554773,0.0034001482070965747
2024-04-23,-0.00016508735244146746,0.0005122249118685836,-0.00010591683541304121,0.000655705725641573,0.0017377827434290102,-0.0005109206682800279,-0.0015529839252483263
2024-04-24,0.0008566073557165115,0.0009515852023430074,0.00038209144476854685,0.0016180174262035308,-0.002417258322502472,-0.0011982934094694124,-0.0030100845223420855
2024-04-25,0.00011988772464084402,0.0006043452574625995,-6.514344582929767e-05,0.0018973689265642337,-0.00083763377665227,0.007279118122482002,0.0015676809479931008
2024-04-26,-0.00042215331318871865,0.0012469261400665844,0.000408152103621773,0.003009652442761009,0.0044383305168669614,-0.00860596410092852,0.0031724984550206936
2024-04-29,0.0021130072807831754,0.0006330389340102453,-0.00306244144821124,0.003932668079450631,0.0006624598536262192,0.00690029415677927,0.007847722628913971
2024-04-30,-0.0015365250913259101,0.0009085895612247227,0.0015416845739839567,0.0061818521483052915,0.002650035701455146,-0.007024493981520063,0.006661984891786003
2024-05-01,0.0032363676907769525,0.0008763157776153837,0.0006218922783892837,0.0019105530400994487,0.0065650649258062,0.007175224707859424,0.003916619486242343
2024-05-02,0.0009277933203353803,0.0008263641486503388,-0.0023785229418460444,0.0011048438181076987,0.0011820021623253118,0.00414226390752853,0.005876362135779729
2024-05-03,0.0016600477533541625,0.0009334265945073572,0.005673813654241068,0.0028512261000005717,0.0016916753130618491,-0.0006665413402774886,0.008044230049888624
2024-05-06,-0.0025121734268592757,-0.00039962778692983884,-0.005006616186906877,-0.0026410580781390117,-0.006147717856045428,0.0029781672034240735,-0.009044427037051935
2024-05-07,-0.002345888852480016,0.00043457532607142375,0.002897278935718208,0.0016919253034291416,-0.0017263083698321141,-0.003948208430389288,0.005213089209367602
2024-05-08,0.0024732006983337147,0.0014814862541309192,-0.002694505643746126,-0.0006529717674824689,0.0031320291986326335,0.006850637199091339,0.007436965612381748
2024-05-09,-0.0010843889028626988,0.001098678008863606,0.002624908451103863,-0.00018930330902567553,0.00035535460353183844,0.0005219380710261004,-0.0022928507135897124
2024-05-10,0.005080392409909136,0.0012054046951986144,-0.00154314571880007,0.001005602595854643,0.0038527326169733415,0.005514935414610895,0.0012508088550676243
2024-05-13,-0.0013260302801220672,0.00155880332918985,0.002144410504776317,-2.8910267325407625e-05,-0.0006592496699014975,0.0032053912972580477,-8.95115681101349e-06
2024-05-14,0.004456569758569185,0.000988970337659273,0.001421353732249049,0.0017885811138069465,0.0011542710717391267,0.00011781539207325956,-5.0922990801304186e-05
2024-05-15,-0.00307339560591785,0.0013831528244238464,-0.00014414735328036618,0.0004493531548382129,0.0017474216305276766,0.00567028308845895,0.002202437670624734
2024-05-16,0.0025922581105037503,0.0011320478630487234,0.000717338059777675,0.0006604194943618716,-0.0028098310792185957,-0.0037989161008096036,0.0034872761720089606
2024-05-17,-0.0008771699094145556,0.0012494063564490768,-0.0012135086966101678,0.0013416488222979845,0.0019438776619140241,0.006967591880569633,0.0032009150940500845
2024-05-20,0.002894880232244927,0.0010375073890806223,0.00035135086006658485,2.7958065979123226e-05,0.0015658438683434966,4.5499245294105834e-05,0.0011444128146298356
2024-05-21,-9.025910538195585e-05,0.0013634706102065239,-0.00043670570293981715,0.002636904556979342,0.0004178665146457913,0.0034626110389487817,0.00046788688303024966
2024-05-22,0.001856035229493537,0.0007090610326377362,0.0002812047605198426,0.001143218389463305,-0.000256589196117986,0.0022935614570828125,0.00285445855621247
2024-05-23,0.000820733265650062,0.0012561668038807605,0.0008426328373500004,0.000986395224288998,-0.0006918230340981798,0.0015027274756805294,0.004322445092035267
2024-05-24,0.0032912564690062273,0.0012745362793817193,0.002318920326482,0.0022383097919435563,0.0035809033226176347,-0.0008891322787992189,0.0025697996407281847
2024-05-28,0.000921150608930512,0.0010082226875337101,0.0008773129769498046,-0.0010030330719555107,0.0011530760760259042,-0.001092427423295093,0.0017515883539168898
